<?xml version="1.0" encoding="UTF-8"?>
<project xmlns="http://www.netbeans.org/ns/project/1">
    <type>com.microchip.mplab.nbide.embedded.makeproject</type>
    <configuration>
        <data xmlns="http://www.netbeans.org/ns/make-project/1">
            <name>simple_example_p2p</name>
            <creation-uuid>4c0d529f-bc34-4f0b-8bd4-979693649c53</creation-uuid>
            <make-project-type>0</make-project-type>
            <c-extensions>c</c-extensions>
            <cpp-extensions/>
            <header-extensions>h</header-extensions>
            <sourceEncoding>ISO-8859-1</sourceEncoding>
            <asminc-extensions/>
            <make-dep-projects/>
            <sourceRootList>
                <sourceRootElem>.</sourceRootElem>
                <sourceRootElem>../src</sourceRootElem>
            </sourceRootList>
            <confList>
                <confElem>
                    <name>8bitwdk_pic18f46j50_24j40</name>
                    <type>2</type>
                </confElem>
                <confElem>
                    <name>8bitwdk_pic18f46j50_89xa</name>
                    <type>2</type>
                </confElem>
                <confElem>
                    <name>exp16_pic24fj128ga010_24j40</name>
                    <type>2</type>
                </confElem>
                <confElem>
                    <name>exp16_pic24fj128ga010_89xa</name>
                    <type>2</type>
                </confElem>
                <confElem>
                    <name>pic18exp_pic18f87j11_24j40</name>
                    <type>2</type>
                </confElem>
                <confElem>
                    <name>pic18exp_pic18f87j11_24xa</name>
                    <type>2</type>
                </confElem>
                <confElem>
                    <name>pic18exp_pic18f87j11_49xa</name>
                    <type>2</type>
                </confElem>
                <confElem>
                    <name>pic18exp_pic18f87j11_89xa</name>
                    <type>2</type>
                </confElem>
                <confElem>
                    <name>picdemz_pic18f4620_24j40</name>
                    <type>2</type>
                </confElem>
                <confElem>
                    <name>miwikit_pic18f46j50_24j40</name>
                    <type>2</type>
                </confElem>
                <confElem>
                    <name>miwikit_pic18f46j50_89xa</name>
                    <type>2</type>
                </confElem>
                <confElem>
                    <name>pic18exp_pic16f1947_24j40</name>
                    <type>2</type>
                </confElem>
            </confList>
            <formatting>
                <project-formatting-style>false</project-formatting-style>
            </formatting>
        </data>
    </configuration>
</project>
