<?xml version="1.0" encoding="UTF-8"?>
<configurationDescriptor version="65">
  <logicalFolder name="root" displayName="root" projectFiles="true">
    <logicalFolder name="HeaderFiles"
                   displayName="Header Files"
                   projectFiles="true">
      <logicalFolder name="f1" displayName="framework" projectFiles="true">
        <logicalFolder name="f2" displayName="driver" projectFiles="true">
          <logicalFolder name="f1" displayName="mrf_miwi" projectFiles="true">
            <itemPath>../../../../../../framework/driver/mrf_miwi/drv_mrf_miwi.h</itemPath>
            <itemPath>../../../../../../framework/driver/mrf_miwi/drv_mrf_miwi_24j40.h</itemPath>
            <itemPath>../../../../../../framework/driver/mrf_miwi/drv_mrf_miwi_24xa.h</itemPath>
            <itemPath>../../../../../../framework/driver/mrf_miwi/drv_mrf_miwi_49xa.h</itemPath>
            <itemPath>../../../../../../framework/driver/mrf_miwi/drv_mrf_miwi_89xa.h</itemPath>
            <itemPath>../../../../../../framework/driver/mrf_miwi/drv_mrf_miwi_crc.h</itemPath>
            <itemPath>../../../../../../framework/driver/mrf_miwi/drv_mrf_miwi_security.h</itemPath>
          </logicalFolder>
        </logicalFolder>
        <logicalFolder name="f1" displayName="miwi" projectFiles="true">
          <itemPath>../../../../../../framework/miwi/miwi_api.h</itemPath>
          <itemPath>../../../../../../framework/miwi/miwi_nvm.h</itemPath>
          <itemPath>../../../../../../framework/miwi/miwi_p2p.h</itemPath>
        </logicalFolder>
      </logicalFolder>
      <logicalFolder name="system_config"
                     displayName="system_config"
                     projectFiles="true">
        <logicalFolder name="8bitwdk_pic18f46j50_24j40"
                       displayName="8bitwdk_pic18f46j50_24j40"
                       projectFiles="true">
          <itemPath>../src/system_config/8bitwdk_pic18f46j50_24j40/config_24j40.h</itemPath>
          <itemPath>../src/system_config/8bitwdk_pic18f46j50_24j40/console.h</itemPath>
          <itemPath>../src/system_config/8bitwdk_pic18f46j50_24j40/delay.h</itemPath>
          <itemPath>../src/system_config/8bitwdk_pic18f46j50_24j40/eeprom.h</itemPath>
          <itemPath>../src/system_config/8bitwdk_pic18f46j50_24j40/lcd.h</itemPath>
          <itemPath>../src/system_config/8bitwdk_pic18f46j50_24j40/miwi_config.h</itemPath>
          <itemPath>../src/system_config/8bitwdk_pic18f46j50_24j40/miwi_config_p2p.h</itemPath>
          <itemPath>../src/system_config/8bitwdk_pic18f46j50_24j40/spi.h</itemPath>
          <itemPath>../src/system_config/8bitwdk_pic18f46j50_24j40/symbol.h</itemPath>
          <itemPath>../src/system_config/8bitwdk_pic18f46j50_24j40/system.h</itemPath>
          <itemPath>../src/system_config/8bitwdk_pic18f46j50_24j40/system_config.h</itemPath>
          <itemPath>../src/system_config/8bitwdk_pic18f46j50_24j40/timer.h</itemPath>
        </logicalFolder>
        <logicalFolder name="8bitwdk_pic18f46j50_89xa"
                       displayName="8bitwdk_pic18f46j50_89xa"
                       projectFiles="true">
          <itemPath>../src/system_config/8bitwdk_pic18f46j50_89xa/config_89xa.h</itemPath>
          <itemPath>../src/system_config/8bitwdk_pic18f46j50_89xa/console.h</itemPath>
          <itemPath>../src/system_config/8bitwdk_pic18f46j50_89xa/delay.h</itemPath>
          <itemPath>../src/system_config/8bitwdk_pic18f46j50_89xa/eeprom.h</itemPath>
          <itemPath>../src/system_config/8bitwdk_pic18f46j50_89xa/lcd.h</itemPath>
          <itemPath>../src/system_config/8bitwdk_pic18f46j50_89xa/miwi_config.h</itemPath>
          <itemPath>../src/system_config/8bitwdk_pic18f46j50_89xa/miwi_config_p2p.h</itemPath>
          <itemPath>../src/system_config/8bitwdk_pic18f46j50_89xa/spi.h</itemPath>
          <itemPath>../src/system_config/8bitwdk_pic18f46j50_89xa/symbol.h</itemPath>
          <itemPath>../src/system_config/8bitwdk_pic18f46j50_89xa/system.h</itemPath>
          <itemPath>../src/system_config/8bitwdk_pic18f46j50_89xa/system_config.h</itemPath>
          <itemPath>../src/system_config/8bitwdk_pic18f46j50_89xa/timer.h</itemPath>
        </logicalFolder>
      </logicalFolder>
    </logicalFolder>
    <logicalFolder name="LinkerScript"
                   displayName="Linker Files"
                   projectFiles="true">
    </logicalFolder>
    <logicalFolder name="SourceFiles"
                   displayName="Source Files"
                   projectFiles="true">
      <logicalFolder name="f1" displayName="framework" projectFiles="true">
        <logicalFolder name="f1" displayName="driver" projectFiles="true">
          <logicalFolder name="f1" displayName="mrf_miwi" projectFiles="true">
            <itemPath>../../../../../../framework/driver/mrf_miwi/src/drv_mrf_miwi_24j40.c</itemPath>
            <itemPath>../../../../../../framework/driver/mrf_miwi/src/drv_mrf_miwi_24xa.c</itemPath>
            <itemPath>../../../../../../framework/driver/mrf_miwi/src/drv_mrf_miwi_24xa_proprietary.c</itemPath>
            <itemPath>../../../../../../framework/driver/mrf_miwi/src/drv_mrf_miwi_49xa.c</itemPath>
            <itemPath>../../../../../../framework/driver/mrf_miwi/src/drv_mrf_miwi_89xa.c</itemPath>
            <itemPath>../../../../../../framework/driver/mrf_miwi/src/drv_mrf_miwi_crc.c</itemPath>
            <itemPath>../../../../../../framework/driver/mrf_miwi/src/drv_mrf_miwi_security.c</itemPath>
          </logicalFolder>
        </logicalFolder>
        <logicalFolder name="f2" displayName="miwi" projectFiles="true">
          <itemPath>../../../../../../framework/miwi/src/miwi_nvm.c</itemPath>
          <itemPath>../../../../../../framework/miwi/src/miwi_p2p.c</itemPath>
        </logicalFolder>
      </logicalFolder>
      <logicalFolder name="system_config"
                     displayName="system_config"
                     projectFiles="true">
        <logicalFolder name="8bitwdk_pic18f46j50_24j40"
                       displayName="8bitwdk_pic18f46j50_24j40"
                       projectFiles="true">
          <itemPath>../src/system_config/8bitwdk_pic18f46j50_24j40/console.c</itemPath>
          <itemPath>../src/system_config/8bitwdk_pic18f46j50_24j40/delay.c</itemPath>
          <itemPath>../src/system_config/8bitwdk_pic18f46j50_24j40/eeprom.c</itemPath>
          <itemPath>../src/system_config/8bitwdk_pic18f46j50_24j40/lcd.c</itemPath>
          <itemPath>../src/system_config/8bitwdk_pic18f46j50_24j40/spi.c</itemPath>
          <itemPath>../src/system_config/8bitwdk_pic18f46j50_24j40/symbol.c</itemPath>
          <itemPath>../src/system_config/8bitwdk_pic18f46j50_24j40/system.c</itemPath>
        </logicalFolder>
        <logicalFolder name="8bitwdk_pic18f46j50_89xa"
                       displayName="8bitwdk_pic18f46j50_89xa"
                       projectFiles="true">
          <itemPath>../src/system_config/8bitwdk_pic18f46j50_89xa/console.c</itemPath>
          <itemPath>../src/system_config/8bitwdk_pic18f46j50_89xa/delay.c</itemPath>
          <itemPath>../src/system_config/8bitwdk_pic18f46j50_89xa/eeprom.c</itemPath>
          <itemPath>../src/system_config/8bitwdk_pic18f46j50_89xa/lcd.c</itemPath>
          <itemPath>../src/system_config/8bitwdk_pic18f46j50_89xa/spi.c</itemPath>
          <itemPath>../src/system_config/8bitwdk_pic18f46j50_89xa/symbol.c</itemPath>
          <itemPath>../src/system_config/8bitwdk_pic18f46j50_89xa/system.c</itemPath>
        </logicalFolder>
      </logicalFolder>
      <itemPath>../src/main.c</itemPath>
    </logicalFolder>
    <logicalFolder name="ExternalFiles"
                   displayName="Important Files"
                   projectFiles="false">
      <itemPath>Makefile</itemPath>
    </logicalFolder>
  </logicalFolder>
  <sourceRootList>
    <Elem>../../../../../../framework/miwi</Elem>
    <Elem>../../../../../../framework/driver/mrf_miwi</Elem>
    <Elem>../src</Elem>
  </sourceRootList>
  <projectmakefile>Makefile</projectmakefile>
  <confs>
    <conf name="8bitwdk_pic18f46j50_24j40" type="2">
      <toolsSet>
        <developmentServer>localhost</developmentServer>
        <targetDevice>PIC18F46J50</targetDevice>
        <targetHeader></targetHeader>
        <targetPluginBoard></targetPluginBoard>
        <platformTool>noID</platformTool>
        <languageToolchain>XC8</languageToolchain>
        <languageToolchainVersion>1.45</languageToolchainVersion>
        <platform>3</platform>
      </toolsSet>
      <packs>
        <pack name="PIC18F-J_DFP" vendor="Microchip" version="1.1.24"/>
      </packs>
      <ScriptingSettings>
      </ScriptingSettings>
      <compileType>
        <linkerTool>
          <linkerLibItems>
          </linkerLibItems>
        </linkerTool>
        <archiverTool>
        </archiverTool>
        <loading>
          <useAlternateLoadableFile>false</useAlternateLoadableFile>
          <parseOnProdLoad>false</parseOnProdLoad>
          <alternateLoadableFile></alternateLoadableFile>
        </loading>
        <subordinates>
        </subordinates>
      </compileType>
      <makeCustomizationType>
        <makeCustomizationPreStepEnabled>false</makeCustomizationPreStepEnabled>
        <makeUseCleanTarget>false</makeUseCleanTarget>
        <makeCustomizationPreStep></makeCustomizationPreStep>
        <makeCustomizationPostStepEnabled>false</makeCustomizationPostStepEnabled>
        <makeCustomizationPostStep></makeCustomizationPostStep>
        <makeCustomizationPutChecksumInUserID>false</makeCustomizationPutChecksumInUserID>
        <makeCustomizationEnableLongLines>false</makeCustomizationEnableLongLines>
        <makeCustomizationNormalizeHexFile>false</makeCustomizationNormalizeHexFile>
      </makeCustomizationType>
      <item path="../../../../../../framework/driver/mrf_miwi/drv_mrf_miwi_24xa.h"
            ex="true"
            overriding="false">
        <HI-TECH-COMP>
        </HI-TECH-COMP>
        <HI-TECH-LINK>
        </HI-TECH-LINK>
        <XC8-CO>
        </XC8-CO>
        <XC8-config-global>
        </XC8-config-global>
      </item>
      <item path="../../../../../../framework/driver/mrf_miwi/drv_mrf_miwi_49xa.h"
            ex="true"
            overriding="false">
        <HI-TECH-COMP>
        </HI-TECH-COMP>
        <HI-TECH-LINK>
        </HI-TECH-LINK>
        <XC8-CO>
        </XC8-CO>
        <XC8-config-global>
        </XC8-config-global>
      </item>
      <item path="../../../../../../framework/driver/mrf_miwi/drv_mrf_miwi_89xa.h"
            ex="true"
            overriding="false">
        <HI-TECH-COMP>
        </HI-TECH-COMP>
        <HI-TECH-LINK>
        </HI-TECH-LINK>
        <XC8-CO>
        </XC8-CO>
        <XC8-config-global>
        </XC8-config-global>
      </item>
      <item path="../../../../../../framework/driver/mrf_miwi/drv_mrf_miwi_crc.h"
            ex="true"
            overriding="false">
        <HI-TECH-COMP>
        </HI-TECH-COMP>
        <HI-TECH-LINK>
        </HI-TECH-LINK>
        <XC8-CO>
        </XC8-CO>
        <XC8-config-global>
        </XC8-config-global>
      </item>
      <item path="../../../../../../framework/driver/mrf_miwi/drv_mrf_miwi_security.h"
            ex="true"
            overriding="false">
        <HI-TECH-COMP>
        </HI-TECH-COMP>
        <HI-TECH-LINK>
        </HI-TECH-LINK>
        <XC8-CO>
        </XC8-CO>
        <XC8-config-global>
        </XC8-config-global>
      </item>
      <item path="../../../../../../framework/driver/mrf_miwi/src/drv_mrf_miwi_24xa.c"
            ex="true"
            overriding="false">
        <HI-TECH-COMP>
        </HI-TECH-COMP>
        <HI-TECH-LINK>
        </HI-TECH-LINK>
        <XC8-CO>
        </XC8-CO>
        <XC8-config-global>
        </XC8-config-global>
      </item>
      <item path="../../../../../../framework/driver/mrf_miwi/src/drv_mrf_miwi_24xa_proprietary.c"
            ex="true"
            overriding="false">
        <HI-TECH-COMP>
        </HI-TECH-COMP>
        <HI-TECH-LINK>
        </HI-TECH-LINK>
        <XC8-CO>
        </XC8-CO>
        <XC8-config-global>
        </XC8-config-global>
      </item>
      <item path="../../../../../../framework/driver/mrf_miwi/src/drv_mrf_miwi_49xa.c"
            ex="true"
            overriding="false">
        <HI-TECH-COMP>
        </HI-TECH-COMP>
        <HI-TECH-LINK>
        </HI-TECH-LINK>
        <XC8-CO>
        </XC8-CO>
        <XC8-config-global>
        </XC8-config-global>
      </item>
      <item path="../../../../../../framework/driver/mrf_miwi/src/drv_mrf_miwi_89xa.c"
            ex="true"
            overriding="false">
        <HI-TECH-COMP>
        </HI-TECH-COMP>
        <HI-TECH-LINK>
        </HI-TECH-LINK>
        <XC8-CO>
        </XC8-CO>
        <XC8-config-global>
        </XC8-config-global>
      </item>
      <item path="../../../../../../framework/driver/mrf_miwi/src/drv_mrf_miwi_crc.c"
            ex="true"
            overriding="false">
        <HI-TECH-COMP>
        </HI-TECH-COMP>
        <HI-TECH-LINK>
        </HI-TECH-LINK>
        <XC8-CO>
        </XC8-CO>
        <XC8-config-global>
        </XC8-config-global>
      </item>
      <item path="../../../../../../framework/driver/mrf_miwi/src/drv_mrf_miwi_security.c"
            ex="true"
            overriding="false">
        <HI-TECH-COMP>
        </HI-TECH-COMP>
        <HI-TECH-LINK>
        </HI-TECH-LINK>
        <XC8-CO>
        </XC8-CO>
        <XC8-config-global>
        </XC8-config-global>
      </item>
      <item path="../src/system_config/8bitwdk_pic18f46j50_89xa/config_89xa.h"
            ex="true"
            overriding="false">
        <HI-TECH-COMP>
        </HI-TECH-COMP>
        <HI-TECH-LINK>
        </HI-TECH-LINK>
        <XC8-CO>
        </XC8-CO>
        <XC8-config-global>
        </XC8-config-global>
      </item>
      <item path="../src/system_config/8bitwdk_pic18f46j50_89xa/console.c"
            ex="true"
            overriding="false">
        <HI-TECH-COMP>
        </HI-TECH-COMP>
        <HI-TECH-LINK>
        </HI-TECH-LINK>
        <XC8-CO>
        </XC8-CO>
        <XC8-config-global>
        </XC8-config-global>
      </item>
      <item path="../src/system_config/8bitwdk_pic18f46j50_89xa/console.h"
            ex="true"
            overriding="false">
        <HI-TECH-COMP>
        </HI-TECH-COMP>
        <HI-TECH-LINK>
        </HI-TECH-LINK>
        <XC8-CO>
        </XC8-CO>
        <XC8-config-global>
        </XC8-config-global>
      </item>
      <item path="../src/system_config/8bitwdk_pic18f46j50_89xa/delay.c"
            ex="true"
            overriding="false">
        <HI-TECH-COMP>
        </HI-TECH-COMP>
        <HI-TECH-LINK>
        </HI-TECH-LINK>
        <XC8-CO>
        </XC8-CO>
        <XC8-config-global>
        </XC8-config-global>
      </item>
      <item path="../src/system_config/8bitwdk_pic18f46j50_89xa/delay.h"
            ex="true"
            overriding="false">
        <HI-TECH-COMP>
        </HI-TECH-COMP>
        <HI-TECH-LINK>
        </HI-TECH-LINK>
        <XC8-CO>
        </XC8-CO>
        <XC8-config-global>
        </XC8-config-global>
      </item>
      <item path="../src/system_config/8bitwdk_pic18f46j50_89xa/eeprom.c"
            ex="true"
            overriding="false">
        <HI-TECH-COMP>
        </HI-TECH-COMP>
        <HI-TECH-LINK>
        </HI-TECH-LINK>
        <XC8-CO>
        </XC8-CO>
        <XC8-config-global>
        </XC8-config-global>
      </item>
      <item path="../src/system_config/8bitwdk_pic18f46j50_89xa/eeprom.h"
            ex="true"
            overriding="false">
        <HI-TECH-COMP>
        </HI-TECH-COMP>
        <HI-TECH-LINK>
        </HI-TECH-LINK>
        <XC8-CO>
        </XC8-CO>
        <XC8-config-global>
        </XC8-config-global>
      </item>
      <item path="../src/system_config/8bitwdk_pic18f46j50_89xa/lcd.c"
            ex="true"
            overriding="false">
        <HI-TECH-COMP>
        </HI-TECH-COMP>
        <HI-TECH-LINK>
        </HI-TECH-LINK>
        <XC8-CO>
        </XC8-CO>
        <XC8-config-global>
        </XC8-config-global>
      </item>
      <item path="../src/system_config/8bitwdk_pic18f46j50_89xa/lcd.h"
            ex="true"
            overriding="false">
        <HI-TECH-COMP>
        </HI-TECH-COMP>
        <HI-TECH-LINK>
        </HI-TECH-LINK>
        <XC8-CO>
        </XC8-CO>
        <XC8-config-global>
        </XC8-config-global>
      </item>
      <item path="../src/system_config/8bitwdk_pic18f46j50_89xa/miwi_config.h"
            ex="true"
            overriding="false">
        <HI-TECH-COMP>
        </HI-TECH-COMP>
        <HI-TECH-LINK>
        </HI-TECH-LINK>
        <XC8-CO>
        </XC8-CO>
        <XC8-config-global>
        </XC8-config-global>
      </item>
      <item path="../src/system_config/8bitwdk_pic18f46j50_89xa/miwi_config_p2p.h"
            ex="true"
            overriding="false">
        <HI-TECH-COMP>
        </HI-TECH-COMP>
        <HI-TECH-LINK>
        </HI-TECH-LINK>
        <XC8-CO>
        </XC8-CO>
        <XC8-config-global>
        </XC8-config-global>
      </item>
      <item path="../src/system_config/8bitwdk_pic18f46j50_89xa/spi.c"
            ex="true"
            overriding="false">
        <HI-TECH-COMP>
        </HI-TECH-COMP>
        <HI-TECH-LINK>
        </HI-TECH-LINK>
        <XC8-CO>
        </XC8-CO>
        <XC8-config-global>
        </XC8-config-global>
      </item>
      <item path="../src/system_config/8bitwdk_pic18f46j50_89xa/spi.h"
            ex="true"
            overriding="false">
        <HI-TECH-COMP>
        </HI-TECH-COMP>
        <HI-TECH-LINK>
        </HI-TECH-LINK>
        <XC8-CO>
        </XC8-CO>
        <XC8-config-global>
        </XC8-config-global>
      </item>
      <item path="../src/system_config/8bitwdk_pic18f46j50_89xa/symbol.c"
            ex="true"
            overriding="false">
        <HI-TECH-COMP>
        </HI-TECH-COMP>
        <HI-TECH-LINK>
        </HI-TECH-LINK>
        <XC8-CO>
        </XC8-CO>
        <XC8-config-global>
        </XC8-config-global>
      </item>
      <item path="../src/system_config/8bitwdk_pic18f46j50_89xa/symbol.h"
            ex="true"
            overriding="false">
        <HI-TECH-COMP>
        </HI-TECH-COMP>
        <HI-TECH-LINK>
        </HI-TECH-LINK>
        <XC8-CO>
        </XC8-CO>
        <XC8-config-global>
        </XC8-config-global>
      </item>
      <item path="../src/system_config/8bitwdk_pic18f46j50_89xa/system.c"
            ex="true"
            overriding="false">
        <HI-TECH-COMP>
        </HI-TECH-COMP>
        <HI-TECH-LINK>
        </HI-TECH-LINK>
        <XC8-CO>
        </XC8-CO>
        <XC8-config-global>
        </XC8-config-global>
      </item>
      <item path="../src/system_config/8bitwdk_pic18f46j50_89xa/system.h"
            ex="true"
            overriding="false">
        <HI-TECH-COMP>
        </HI-TECH-COMP>
        <HI-TECH-LINK>
        </HI-TECH-LINK>
        <XC8-CO>
        </XC8-CO>
        <XC8-config-global>
        </XC8-config-global>
      </item>
      <item path="../src/system_config/8bitwdk_pic18f46j50_89xa/system_config.h"
            ex="true"
            overriding="false">
        <HI-TECH-COMP>
        </HI-TECH-COMP>
        <HI-TECH-LINK>
        </HI-TECH-LINK>
        <XC8-CO>
        </XC8-CO>
        <XC8-config-global>
        </XC8-config-global>
      </item>
      <item path="../src/system_config/8bitwdk_pic18f46j50_89xa/timer.h"
            ex="true"
            overriding="false">
        <HI-TECH-COMP>
        </HI-TECH-COMP>
        <HI-TECH-LINK>
        </HI-TECH-LINK>
        <XC8-CO>
        </XC8-CO>
        <XC8-config-global>
        </XC8-config-global>
      </item>
      <HI-TECH-COMP>
        <property key="additional-warnings" value="true"/>
        <property key="asmlist" value="true"/>
        <property key="call-prologues" value="false"/>
        <property key="default-bitfield-type" value="true"/>
        <property key="default-char-type" value="true"/>
        <property key="define-macros" value=""/>
        <property key="disable-optimizations" value="false"/>
        <property key="extra-include-directories"
                  value="../src;../../src;../../../../../../framework;../src/system_config/8bitwdk_pic18f46j50_24j40"/>
        <property key="favor-optimization-for" value="+speed,-space"/>
        <property key="garbage-collect-data" value="true"/>
        <property key="garbage-collect-functions" value="true"/>
        <property key="identifier-length" value="255"/>
        <property key="local-generation" value="false"/>
        <property key="operation-mode" value="pro"/>
        <property key="opt-xc8-compiler-strict_ansi" value="false"/>
        <property key="optimization-assembler" value="true"/>
        <property key="optimization-assembler-files" value="false"/>
        <property key="optimization-debug" value="false"/>
        <property key="optimization-invariant-enable" value="false"/>
        <property key="optimization-invariant-value" value="16"/>
        <property key="optimization-level" value="-O3"/>
        <property key="optimization-speed" value="true"/>
        <property key="optimization-stable-enable" value="false"/>
        <property key="pack-struct" value="true"/>
        <property key="preprocess-assembler" value="true"/>
        <property key="short-enums" value="true"/>
        <property key="undefine-macros" value=""/>
        <property key="use-cci" value="false"/>
        <property key="use-iar" value="false"/>
        <property key="verbose" value="false"/>
        <property key="warning-level" value="3"/>
        <property key="what-to-do" value="ignore"/>
      </HI-TECH-COMP>
      <HI-TECH-LINK>
        <property key="additional-options-checksum" value=""/>
        <property key="additional-options-code-offset" value=""/>
        <property key="additional-options-command-line" value=""/>
        <property key="additional-options-errata" value=""/>
        <property key="additional-options-extend-address" value="false"/>
        <property key="additional-options-trace-type" value=""/>
        <property key="additional-options-use-response-files" value="false"/>
        <property key="backup-reset-condition-flags" value="false"/>
        <property key="calibrate-oscillator" value="true"/>
        <property key="calibrate-oscillator-value" value=""/>
        <property key="clear-bss" value="true"/>
        <property key="code-model-external" value="wordwrite"/>
        <property key="code-model-rom" value=""/>
        <property key="create-html-files" value="false"/>
        <property key="data-model-ram" value=""/>
        <property key="data-model-size-of-double" value="32"/>
        <property key="data-model-size-of-double-gcc" value="no-short-double"/>
        <property key="data-model-size-of-float" value="32"/>
        <property key="data-model-size-of-float-gcc" value="no-short-float"/>
        <property key="display-class-usage" value="false"/>
        <property key="display-hex-usage" value="false"/>
        <property key="display-overall-usage" value="true"/>
        <property key="display-psect-usage" value="false"/>
        <property key="extra-lib-directories" value=""/>
        <property key="fill-flash-options-addr" value=""/>
        <property key="fill-flash-options-const" value=""/>
        <property key="fill-flash-options-how" value="0"/>
        <property key="fill-flash-options-inc-const" value="1"/>
        <property key="fill-flash-options-increment" value=""/>
        <property key="fill-flash-options-seq" value=""/>
        <property key="fill-flash-options-what" value="0"/>
        <property key="format-hex-file-for-download" value="false"/>
        <property key="initialize-data" value="true"/>
        <property key="input-libraries" value="libm"/>
        <property key="keep-generated-startup.as" value="false"/>
        <property key="link-in-c-library" value="true"/>
        <property key="link-in-c-library-gcc" value=""/>
        <property key="link-in-peripheral-library" value="false"/>
        <property key="managed-stack" value="false"/>
        <property key="opt-xc8-linker-file" value="false"/>
        <property key="opt-xc8-linker-link_startup" value="false"/>
        <property key="opt-xc8-linker-serial" value=""/>
        <property key="program-the-device-with-default-config-words" value="true"/>
        <property key="remove-unused-sections" value="true"/>
      </HI-TECH-LINK>
      <ICD3PlatformTool>
        <property key="AutoSelectMemRanges" value="auto"/>
        <property key="Freeze Peripherals" value="true"/>
        <property key="SecureSegment.SegmentProgramming" value="FullChipProgramming"/>
        <property key="ToolFirmwareFilePath"
                  value="Press to browse for a specific firmware version"/>
        <property key="ToolFirmwareOption.UseLatestFirmware" value="true"/>
        <property key="debugoptions.useswbreakpoints" value="false"/>
        <property key="hwtoolclock.frcindebug" value="false"/>
        <property key="memories.aux" value="false"/>
        <property key="memories.bootflash" value="false"/>
        <property key="memories.configurationmemory" value="true"/>
        <property key="memories.configurationmemory2" value="true"/>
        <property key="memories.dataflash" value="true"/>
        <property key="memories.eeprom" value="true"/>
        <property key="memories.flashdata" value="true"/>
        <property key="memories.id" value="true"/>
        <property key="memories.instruction.ram" value="true"/>
        <property key="memories.instruction.ram.ranges"
                  value="${memories.instruction.ram.ranges}"/>
        <property key="memories.programmemory" value="true"/>
        <property key="memories.programmemory.ranges" value="0-fff7"/>
        <property key="poweroptions.powerenable" value="false"/>
        <property key="programoptions.donoteraseauxmem" value="false"/>
        <property key="programoptions.eraseb4program" value="true"/>
        <property key="programoptions.preservedataflash" value="false"/>
        <property key="programoptions.preservedataflash.ranges" value=""/>
        <property key="programoptions.preserveeeprom" value="false"/>
        <property key="programoptions.preserveeeprom.ranges" value=""/>
        <property key="programoptions.preserveprogram.ranges" value=""/>
        <property key="programoptions.preserveprogramrange" value="false"/>
        <property key="programoptions.preserveuserid" value="false"/>
        <property key="programoptions.programcalmem" value="false"/>
        <property key="programoptions.programuserotp" value="false"/>
        <property key="programoptions.testmodeentrymethod" value="VPPFirst"/>
        <property key="programoptions.usehighvoltageonmclr" value="false"/>
        <property key="programoptions.uselvpprogramming" value="false"/>
        <property key="voltagevalue" value="3.25"/>
      </ICD3PlatformTool>
      <XC8-CO>
        <property key="coverage-enable" value=""/>
      </XC8-CO>
      <XC8-config-global>
        <property key="advanced-elf" value="true"/>
        <property key="gcc-opt-driver-new" value="false"/>
        <property key="gcc-opt-std" value="--std=c89"/>
        <property key="gcc-output-file-format" value="dwarf-3"/>
        <property key="omit-pack-options" value="false"/>
        <property key="omit-pack-options-new" value="1"/>
        <property key="output-file-format" value="-mcof,+elf"/>
        <property key="stack-size-high" value="auto"/>
        <property key="stack-size-low" value="auto"/>
        <property key="stack-size-main" value="auto"/>
        <property key="stack-type" value="compiled"/>
        <property key="user-pack-device-support" value=""/>
        <property key="wpo-lto" value="false"/>
      </XC8-config-global>
    </conf>
    <conf name="8bitwdk_pic18f46j50_89xa" type="2">
      <toolsSet>
        <developmentServer>localhost</developmentServer>
        <targetDevice>PIC18F46J50</targetDevice>
        <targetHeader></targetHeader>
        <targetPluginBoard></targetPluginBoard>
        <platformTool>noID</platformTool>
        <languageToolchain>XC8</languageToolchain>
        <languageToolchainVersion>1.45</languageToolchainVersion>
        <platform>3</platform>
      </toolsSet>
      <packs>
        <pack name="PIC18F-J_DFP" vendor="Microchip" version="1.1.24"/>
      </packs>
      <ScriptingSettings>
      </ScriptingSettings>
      <compileType>
        <linkerTool>
          <linkerLibItems>
          </linkerLibItems>
        </linkerTool>
        <archiverTool>
        </archiverTool>
        <loading>
          <useAlternateLoadableFile>false</useAlternateLoadableFile>
          <parseOnProdLoad>false</parseOnProdLoad>
          <alternateLoadableFile></alternateLoadableFile>
        </loading>
        <subordinates>
        </subordinates>
      </compileType>
      <makeCustomizationType>
        <makeCustomizationPreStepEnabled>false</makeCustomizationPreStepEnabled>
        <makeUseCleanTarget>false</makeUseCleanTarget>
        <makeCustomizationPreStep></makeCustomizationPreStep>
        <makeCustomizationPostStepEnabled>false</makeCustomizationPostStepEnabled>
        <makeCustomizationPostStep></makeCustomizationPostStep>
        <makeCustomizationPutChecksumInUserID>false</makeCustomizationPutChecksumInUserID>
        <makeCustomizationEnableLongLines>false</makeCustomizationEnableLongLines>
        <makeCustomizationNormalizeHexFile>false</makeCustomizationNormalizeHexFile>
      </makeCustomizationType>
      <item path="../../../../../../framework/driver/mrf_miwi/drv_mrf_miwi_24j40.h"
            ex="true"
            overriding="false">
        <HI-TECH-COMP>
        </HI-TECH-COMP>
        <HI-TECH-LINK>
        </HI-TECH-LINK>
        <XC8-CO>
        </XC8-CO>
        <XC8-config-global>
        </XC8-config-global>
      </item>
      <item path="../../../../../../framework/driver/mrf_miwi/drv_mrf_miwi_24xa.h"
            ex="true"
            overriding="false">
        <HI-TECH-COMP>
        </HI-TECH-COMP>
        <HI-TECH-LINK>
        </HI-TECH-LINK>
        <XC8-CO>
        </XC8-CO>
        <XC8-config-global>
        </XC8-config-global>
      </item>
      <item path="../../../../../../framework/driver/mrf_miwi/drv_mrf_miwi_49xa.h"
            ex="true"
            overriding="false">
        <HI-TECH-COMP>
        </HI-TECH-COMP>
        <HI-TECH-LINK>
        </HI-TECH-LINK>
        <XC8-CO>
        </XC8-CO>
        <XC8-config-global>
        </XC8-config-global>
      </item>
      <item path="../../../../../../framework/driver/mrf_miwi/src/drv_mrf_miwi_24j40.c"
            ex="true"
            overriding="false">
        <HI-TECH-COMP>
        </HI-TECH-COMP>
        <HI-TECH-LINK>
        </HI-TECH-LINK>
        <XC8-CO>
        </XC8-CO>
        <XC8-config-global>
        </XC8-config-global>
      </item>
      <item path="../../../../../../framework/driver/mrf_miwi/src/drv_mrf_miwi_24xa.c"
            ex="true"
            overriding="false">
        <HI-TECH-COMP>
        </HI-TECH-COMP>
        <HI-TECH-LINK>
        </HI-TECH-LINK>
        <XC8-CO>
        </XC8-CO>
        <XC8-config-global>
        </XC8-config-global>
      </item>
      <item path="../../../../../../framework/driver/mrf_miwi/src/drv_mrf_miwi_24xa_proprietary.c"
            ex="true"
            overriding="false">
        <HI-TECH-COMP>
        </HI-TECH-COMP>
        <HI-TECH-LINK>
        </HI-TECH-LINK>
        <XC8-CO>
        </XC8-CO>
        <XC8-config-global>
        </XC8-config-global>
      </item>
      <item path="../../../../../../framework/driver/mrf_miwi/src/drv_mrf_miwi_49xa.c"
            ex="true"
            overriding="false">
        <HI-TECH-COMP>
        </HI-TECH-COMP>
        <HI-TECH-LINK>
        </HI-TECH-LINK>
        <XC8-CO>
        </XC8-CO>
        <XC8-config-global>
        </XC8-config-global>
      </item>
      <item path="../src/system_config/8bitwdk_pic18f46j50_24j40/config_24j40.h"
            ex="true"
            overriding="false">
        <HI-TECH-COMP>
        </HI-TECH-COMP>
        <HI-TECH-LINK>
        </HI-TECH-LINK>
        <XC8-CO>
        </XC8-CO>
        <XC8-config-global>
        </XC8-config-global>
      </item>
      <item path="../src/system_config/8bitwdk_pic18f46j50_24j40/console.c"
            ex="true"
            overriding="false">
        <HI-TECH-COMP>
        </HI-TECH-COMP>
        <HI-TECH-LINK>
        </HI-TECH-LINK>
        <XC8-CO>
        </XC8-CO>
        <XC8-config-global>
        </XC8-config-global>
      </item>
      <item path="../src/system_config/8bitwdk_pic18f46j50_24j40/console.h"
            ex="true"
            overriding="false">
        <HI-TECH-COMP>
        </HI-TECH-COMP>
        <HI-TECH-LINK>
        </HI-TECH-LINK>
        <XC8-CO>
        </XC8-CO>
        <XC8-config-global>
        </XC8-config-global>
      </item>
      <item path="../src/system_config/8bitwdk_pic18f46j50_24j40/delay.c"
            ex="true"
            overriding="false">
        <HI-TECH-COMP>
        </HI-TECH-COMP>
        <HI-TECH-LINK>
        </HI-TECH-LINK>
        <XC8-CO>
        </XC8-CO>
        <XC8-config-global>
        </XC8-config-global>
      </item>
      <item path="../src/system_config/8bitwdk_pic18f46j50_24j40/delay.h"
            ex="true"
            overriding="false">
        <HI-TECH-COMP>
        </HI-TECH-COMP>
        <HI-TECH-LINK>
        </HI-TECH-LINK>
        <XC8-CO>
        </XC8-CO>
        <XC8-config-global>
        </XC8-config-global>
      </item>
      <item path="../src/system_config/8bitwdk_pic18f46j50_24j40/eeprom.c"
            ex="true"
            overriding="false">
        <HI-TECH-COMP>
        </HI-TECH-COMP>
        <HI-TECH-LINK>
        </HI-TECH-LINK>
        <XC8-CO>
        </XC8-CO>
        <XC8-config-global>
        </XC8-config-global>
      </item>
      <item path="../src/system_config/8bitwdk_pic18f46j50_24j40/eeprom.h"
            ex="true"
            overriding="false">
        <HI-TECH-COMP>
        </HI-TECH-COMP>
        <HI-TECH-LINK>
        </HI-TECH-LINK>
        <XC8-CO>
        </XC8-CO>
        <XC8-config-global>
        </XC8-config-global>
      </item>
      <item path="../src/system_config/8bitwdk_pic18f46j50_24j40/lcd.c"
            ex="true"
            overriding="false">
        <HI-TECH-COMP>
        </HI-TECH-COMP>
        <HI-TECH-LINK>
        </HI-TECH-LINK>
        <XC8-CO>
        </XC8-CO>
        <XC8-config-global>
        </XC8-config-global>
      </item>
      <item path="../src/system_config/8bitwdk_pic18f46j50_24j40/lcd.h"
            ex="true"
            overriding="false">
        <HI-TECH-COMP>
        </HI-TECH-COMP>
        <HI-TECH-LINK>
        </HI-TECH-LINK>
        <XC8-CO>
        </XC8-CO>
        <XC8-config-global>
        </XC8-config-global>
      </item>
      <item path="../src/system_config/8bitwdk_pic18f46j50_24j40/miwi_config.h"
            ex="true"
            overriding="false">
        <HI-TECH-COMP>
        </HI-TECH-COMP>
        <HI-TECH-LINK>
        </HI-TECH-LINK>
        <XC8-CO>
        </XC8-CO>
        <XC8-config-global>
        </XC8-config-global>
      </item>
      <item path="../src/system_config/8bitwdk_pic18f46j50_24j40/miwi_config_p2p.h"
            ex="true"
            overriding="false">
        <HI-TECH-COMP>
        </HI-TECH-COMP>
        <HI-TECH-LINK>
        </HI-TECH-LINK>
        <XC8-CO>
        </XC8-CO>
        <XC8-config-global>
        </XC8-config-global>
      </item>
      <item path="../src/system_config/8bitwdk_pic18f46j50_24j40/spi.c"
            ex="true"
            overriding="false">
        <HI-TECH-COMP>
        </HI-TECH-COMP>
        <HI-TECH-LINK>
        </HI-TECH-LINK>
        <XC8-CO>
        </XC8-CO>
        <XC8-config-global>
        </XC8-config-global>
      </item>
      <item path="../src/system_config/8bitwdk_pic18f46j50_24j40/spi.h"
            ex="true"
            overriding="false">
        <HI-TECH-COMP>
        </HI-TECH-COMP>
        <HI-TECH-LINK>
        </HI-TECH-LINK>
        <XC8-CO>
        </XC8-CO>
        <XC8-config-global>
        </XC8-config-global>
      </item>
      <item path="../src/system_config/8bitwdk_pic18f46j50_24j40/symbol.c"
            ex="true"
            overriding="false">
        <HI-TECH-COMP>
        </HI-TECH-COMP>
        <HI-TECH-LINK>
        </HI-TECH-LINK>
        <XC8-CO>
        </XC8-CO>
        <XC8-config-global>
        </XC8-config-global>
      </item>
      <item path="../src/system_config/8bitwdk_pic18f46j50_24j40/symbol.h"
            ex="true"
            overriding="false">
        <HI-TECH-COMP>
        </HI-TECH-COMP>
        <HI-TECH-LINK>
        </HI-TECH-LINK>
        <XC8-CO>
        </XC8-CO>
        <XC8-config-global>
        </XC8-config-global>
      </item>
      <item path="../src/system_config/8bitwdk_pic18f46j50_24j40/system.c"
            ex="true"
            overriding="false">
        <HI-TECH-COMP>
        </HI-TECH-COMP>
        <HI-TECH-LINK>
        </HI-TECH-LINK>
        <XC8-CO>
        </XC8-CO>
        <XC8-config-global>
        </XC8-config-global>
      </item>
      <item path="../src/system_config/8bitwdk_pic18f46j50_24j40/system.h"
            ex="true"
            overriding="false">
        <HI-TECH-COMP>
        </HI-TECH-COMP>
        <HI-TECH-LINK>
        </HI-TECH-LINK>
        <XC8-CO>
        </XC8-CO>
        <XC8-config-global>
        </XC8-config-global>
      </item>
      <item path="../src/system_config/8bitwdk_pic18f46j50_24j40/system_config.h"
            ex="true"
            overriding="false">
        <HI-TECH-COMP>
        </HI-TECH-COMP>
        <HI-TECH-LINK>
        </HI-TECH-LINK>
        <XC8-CO>
        </XC8-CO>
        <XC8-config-global>
        </XC8-config-global>
      </item>
      <item path="../src/system_config/8bitwdk_pic18f46j50_24j40/timer.h"
            ex="true"
            overriding="false">
        <HI-TECH-COMP>
        </HI-TECH-COMP>
        <HI-TECH-LINK>
        </HI-TECH-LINK>
        <XC8-CO>
        </XC8-CO>
        <XC8-config-global>
        </XC8-config-global>
      </item>
      <HI-TECH-COMP>
        <property key="additional-warnings" value="true"/>
        <property key="asmlist" value="true"/>
        <property key="call-prologues" value="false"/>
        <property key="default-bitfield-type" value="true"/>
        <property key="default-char-type" value="true"/>
        <property key="define-macros" value=""/>
        <property key="disable-optimizations" value="false"/>
        <property key="extra-include-directories"
                  value="../src;../../src;../../../../../../framework;../src/system_config/8bitwdk_pic18f46j50_89xa"/>
        <property key="favor-optimization-for" value="+speed,-space"/>
        <property key="garbage-collect-data" value="true"/>
        <property key="garbage-collect-functions" value="true"/>
        <property key="identifier-length" value="255"/>
        <property key="local-generation" value="false"/>
        <property key="operation-mode" value="pro"/>
        <property key="opt-xc8-compiler-strict_ansi" value="false"/>
        <property key="optimization-assembler" value="true"/>
        <property key="optimization-assembler-files" value="false"/>
        <property key="optimization-debug" value="false"/>
        <property key="optimization-invariant-enable" value="false"/>
        <property key="optimization-invariant-value" value="16"/>
        <property key="optimization-level" value="-O3"/>
        <property key="optimization-speed" value="true"/>
        <property key="optimization-stable-enable" value="false"/>
        <property key="pack-struct" value="true"/>
        <property key="preprocess-assembler" value="true"/>
        <property key="short-enums" value="true"/>
        <property key="undefine-macros" value=""/>
        <property key="use-cci" value="false"/>
        <property key="use-iar" value="false"/>
        <property key="verbose" value="false"/>
        <property key="warning-level" value="3"/>
        <property key="what-to-do" value="ignore"/>
      </HI-TECH-COMP>
      <HI-TECH-LINK>
        <property key="additional-options-checksum" value=""/>
        <property key="additional-options-code-offset" value=""/>
        <property key="additional-options-command-line" value=""/>
        <property key="additional-options-errata" value=""/>
        <property key="additional-options-extend-address" value="false"/>
        <property key="additional-options-trace-type" value=""/>
        <property key="additional-options-use-response-files" value="false"/>
        <property key="backup-reset-condition-flags" value="false"/>
        <property key="calibrate-oscillator" value="true"/>
        <property key="calibrate-oscillator-value" value=""/>
        <property key="clear-bss" value="true"/>
        <property key="code-model-external" value="wordwrite"/>
        <property key="code-model-rom" value=""/>
        <property key="create-html-files" value="false"/>
        <property key="data-model-ram" value=""/>
        <property key="data-model-size-of-double" value="32"/>
        <property key="data-model-size-of-double-gcc" value="no-short-double"/>
        <property key="data-model-size-of-float" value="32"/>
        <property key="data-model-size-of-float-gcc" value="no-short-float"/>
        <property key="display-class-usage" value="false"/>
        <property key="display-hex-usage" value="false"/>
        <property key="display-overall-usage" value="true"/>
        <property key="display-psect-usage" value="false"/>
        <property key="extra-lib-directories" value=""/>
        <property key="fill-flash-options-addr" value=""/>
        <property key="fill-flash-options-const" value=""/>
        <property key="fill-flash-options-how" value="0"/>
        <property key="fill-flash-options-inc-const" value="1"/>
        <property key="fill-flash-options-increment" value=""/>
        <property key="fill-flash-options-seq" value=""/>
        <property key="fill-flash-options-what" value="0"/>
        <property key="format-hex-file-for-download" value="false"/>
        <property key="initialize-data" value="true"/>
        <property key="input-libraries" value="libm"/>
        <property key="keep-generated-startup.as" value="false"/>
        <property key="link-in-c-library" value="true"/>
        <property key="link-in-c-library-gcc" value=""/>
        <property key="link-in-peripheral-library" value="false"/>
        <property key="managed-stack" value="false"/>
        <property key="opt-xc8-linker-file" value="false"/>
        <property key="opt-xc8-linker-link_startup" value="false"/>
        <property key="opt-xc8-linker-serial" value=""/>
        <property key="program-the-device-with-default-config-words" value="true"/>
        <property key="remove-unused-sections" value="true"/>
      </HI-TECH-LINK>
      <ICD3PlatformTool>
        <property key="AutoSelectMemRanges" value="auto"/>
        <property key="Freeze Peripherals" value="true"/>
        <property key="SecureSegment.SegmentProgramming" value="FullChipProgramming"/>
        <property key="ToolFirmwareFilePath"
                  value="Press to browse for a specific firmware version"/>
        <property key="ToolFirmwareOption.UseLatestFirmware" value="true"/>
        <property key="debugoptions.useswbreakpoints" value="false"/>
        <property key="hwtoolclock.frcindebug" value="false"/>
        <property key="memories.aux" value="false"/>
        <property key="memories.bootflash" value="false"/>
        <property key="memories.configurationmemory" value="true"/>
        <property key="memories.configurationmemory2" value="true"/>
        <property key="memories.dataflash" value="true"/>
        <property key="memories.eeprom" value="true"/>
        <property key="memories.flashdata" value="true"/>
        <property key="memories.id" value="true"/>
        <property key="memories.instruction.ram" value="true"/>
        <property key="memories.instruction.ram.ranges"
                  value="${memories.instruction.ram.ranges}"/>
        <property key="memories.programmemory" value="true"/>
        <property key="memories.programmemory.ranges" value="0-fff7"/>
        <property key="poweroptions.powerenable" value="false"/>
        <property key="programoptions.donoteraseauxmem" value="false"/>
        <property key="programoptions.eraseb4program" value="true"/>
        <property key="programoptions.preservedataflash" value="false"/>
        <property key="programoptions.preservedataflash.ranges" value=""/>
        <property key="programoptions.preserveeeprom" value="false"/>
        <property key="programoptions.preserveeeprom.ranges" value=""/>
        <property key="programoptions.preserveprogram.ranges" value=""/>
        <property key="programoptions.preserveprogramrange" value="false"/>
        <property key="programoptions.preserveuserid" value="false"/>
        <property key="programoptions.programcalmem" value="false"/>
        <property key="programoptions.programuserotp" value="false"/>
        <property key="programoptions.testmodeentrymethod" value="VPPFirst"/>
        <property key="programoptions.usehighvoltageonmclr" value="false"/>
        <property key="programoptions.uselvpprogramming" value="false"/>
        <property key="voltagevalue" value="3.25"/>
      </ICD3PlatformTool>
      <XC8-CO>
        <property key="coverage-enable" value=""/>
      </XC8-CO>
      <XC8-config-global>
        <property key="advanced-elf" value="true"/>
        <property key="gcc-opt-driver-new" value="false"/>
        <property key="gcc-opt-std" value="--std=c89"/>
        <property key="gcc-output-file-format" value="dwarf-3"/>
        <property key="omit-pack-options" value="false"/>
        <property key="omit-pack-options-new" value="1"/>
        <property key="output-file-format" value="-mcof,+elf"/>
        <property key="stack-size-high" value="auto"/>
        <property key="stack-size-low" value="auto"/>
        <property key="stack-size-main" value="auto"/>
        <property key="stack-type" value="compiled"/>
        <property key="user-pack-device-support" value=""/>
        <property key="wpo-lto" value="false"/>
      </XC8-config-global>
    </conf>
  </confs>
</configurationDescriptor>
