<?xml version="1.0" encoding="UTF-8"?>
<project-private xmlns="http://www.netbeans.org/ns/project-private/1">
    <editor-bookmarks xmlns="http://www.netbeans.org/ns/editor-bookmarks/2" lastBookmarkId="0"/>
    <open-files xmlns="http://www.netbeans.org/ns/projectui-open-files/2">
        <group>
            <file>file:/E:/Users/cyshay/Desktop/WSG/MRF%20MiWi%20GitHub/MRF%20MiWi/framework/driver/mrf_miwi/drv_mrf_miwi.h</file>
            <file>file:/E:/Users/cyshay/Desktop/WSG/MRF%20MiWi%20GitHub/MRF%20MiWi/framework/driver/mrf_miwi/drv_mrf_miwi_24j40.h</file>
            <file>file:/E:/Users/cyshay/Desktop/WSG/MRF%20MiWi%20GitHub/MRF%20MiWi/apps/miwi/miwi_p2p/simple_example_star/firmware/src/system_config/exp16_pic24f128ga010_24j40/miwi_config_p2p.h</file>
            <file>file:/E:/Users/cyshay/Desktop/WSG/MRF%20MiWi%20GitHub/MRF%20MiWi/apps/miwi/miwi_p2p/simple_example_star/firmware/simple_example_star.x/nbproject/Makefile-miwikit_pic18f46j50_24j40.mk</file>
        </group>
    </open-files>
</project-private>
