<?xml version="1.0" encoding="UTF-8"?>
<project-private xmlns="http://www.netbeans.org/ns/project-private/1">
    <editor-bookmarks xmlns="http://www.netbeans.org/ns/editor-bookmarks/2" lastBookmarkId="0"/>
    <open-files xmlns="http://www.netbeans.org/ns/projectui-open-files/2">
        <group>
            <file>file:/E:/Users/cyshay/Desktop/WSG/MRF%20MiWi%20GitHub/MRF%20MiWi/apps/miwi/miwi_p2p/simple_example_p2p/firmware/src/main.c</file>
            <file>file:/E:/Users/cyshay/Desktop/WSG/MRF%20MiWi%20GitHub/MRF%20MiWi/apps/miwi/miwi_p2p/simple_example_p2p/firmware/src/task.c</file>
        </group>
    </open-files>
</project-private>
